{
  "xgboost": {
    "n_estimators": 1868,
    "max_depth": 6,
    "learning_rate": 0.029167692132193907,
    "subsample": 0.7599930384536551,
    "colsample_bytree": 0.9014433681348879,
    "reg_lambda": 0.5458007099121294,
    "reg_alpha": 0.19445535359892843,
    "min_child_weight": 6,
    "random_state": 42,
    "n_jobs": -1,
    "tree_method": "hist"
  },
  "lightgbm": {
    "n_estimators": 1822,
    "max_depth": 6,
    "num_leaves": 75,
    "learning_rate": 0.02780021358153988,
    "subsample": 0.8790600004631239,
    "colsample_bytree": 0.7649201079220984,
    "reg_lambda": 2.823687215684261,
    "reg_alpha": 0.13802213172744027,
    "min_child_samples": 14,
    "random_state": 42,
    "n_jobs": -1,
    "verbose": -1
  },
  "catboost": {
    "iterations": 1966,
    "depth": 9,
    "learning_rate": 0.03989101851797782,
    "l2_leaf_reg": 1.1728171052604508,
    "random_seed": 42,
    "verbose": false
  },
  "weights": {
    "XGBoost": 0.4005413504921437,
    "LightGBM": 0.11661600274554396,
    "CatBoost": 0.4828426467623124
  }
}